{"cameraMode":{"drawMode":0,"name":"Shaded","section":"Shading Mode"},"sceneLighting":false,"audioPlay":false,"sceneViewState":{"showFog":true,"showMaterialUpdate":false,"showSkybox":false,"showFlares":true,"showImageEffects":true,"showParticleSystems":true},"in2DMode":false,"pivot":{"x":-0.1867046356201172,"y":0.4126098155975342,"z":0.08672070503234863},"rotation":{"x":-0.029910283163189889,"y":0.4233265817165375,"z":-0.02177586778998375,"w":-0.905887246131897},"size":26.51266860961914,"orthographic":false}