{"cameraMode":{"drawMode":0,"name":"Shaded","section":"Shading Mode"},"sceneLighting":true,"audioPlay":false,"sceneViewState":{"showFog":true,"showMaterialUpdate":false,"showSkybox":true,"showFlares":true,"showImageEffects":true,"showParticleSystems":true},"in2DMode":false,"pivot":{"x":5.268749713897705,"y":1.095353126525879,"z":-0.4782201647758484},"rotation":{"x":0.005098832305520773,"y":0.4425569474697113,"z":0.0025267445016652347,"w":-0.8968207836151123},"size":1.8818941116333008,"orthographic":false}