{"cameraMode":{"drawMode":0,"name":"Shaded","section":"Shading Mode"},"sceneLighting":false,"audioPlay":false,"sceneViewState":{"showFog":true,"showMaterialUpdate":false,"showSkybox":false,"showFlares":true,"showImageEffects":true,"showParticleSystems":true},"in2DMode":false,"pivot":{"x":-0.14478492736816407,"y":0.347414493560791,"z":0.08325815200805664},"rotation":{"x":-0.010447380132973194,"y":0.8533076047897339,"z":-0.030903523787856103,"w":-0.5215425491333008},"size":42.69637680053711,"orthographic":false}