{"cameraMode":{"drawMode":0,"name":"Shaded","section":"Shading Mode"},"sceneLighting":true,"audioPlay":false,"sceneViewState":{"showFog":true,"showMaterialUpdate":false,"showSkybox":true,"showFlares":true,"showImageEffects":true,"showParticleSystems":true},"in2DMode":false,"pivot":{"x":-14.366244316101075,"y":1.9482933282852173,"z":9.859657287597657},"rotation":{"x":-0.006357673555612564,"y":0.637866735458374,"z":-0.0045694285072386269,"w":-0.7704110145568848},"size":23.334524154663087,"orthographic":false}