{"cameraMode":{"drawMode":0,"name":"Shaded","section":"Shading Mode"},"sceneLighting":true,"audioPlay":false,"sceneViewState":{"showFog":true,"showMaterialUpdate":false,"showSkybox":true,"showFlares":true,"showImageEffects":true,"showParticleSystems":true},"in2DMode":false,"pivot":{"x":-1.7605866193771363,"y":1.220105528831482,"z":6.586089134216309},"rotation":{"x":-0.07585732638835907,"y":-0.8654682040214539,"z":-0.13865189254283906,"w":0.47565361857414248},"size":1.8818941116333008,"orthographic":false}