{"cameraMode":{"drawMode":0,"name":"Shaded","section":"Shading Mode"},"sceneLighting":false,"audioPlay":false,"sceneViewState":{"showFog":true,"showMaterialUpdate":false,"showSkybox":false,"showFlares":true,"showImageEffects":true,"showParticleSystems":true},"in2DMode":false,"pivot":{"x":-25.74730110168457,"y":17.108562469482423,"z":-12.695637702941895},"rotation":{"x":0.042558617889881137,"y":0.7505315542221069,"z":0.03807594254612923,"w":-0.6592844724655151},"size":55.16923141479492,"orthographic":false}