{"cameraMode":{"drawMode":0,"name":"Shaded","section":"Shading Mode"},"sceneLighting":false,"audioPlay":false,"sceneViewState":{"showFog":true,"showMaterialUpdate":false,"showSkybox":false,"showFlares":true,"showImageEffects":true,"showParticleSystems":true},"in2DMode":false,"pivot":{"x":-0.03757190704345703,"y":0.022448718547821046,"z":0.15934133529663087},"rotation":{"x":-0.010447380132973194,"y":0.8533076047897339,"z":-0.030903523787856103,"w":-0.5215425491333008},"size":16.720609664916993,"orthographic":false}