{"cameraMode":{"drawMode":0,"name":"Shaded","section":"Shading Mode"},"sceneLighting":false,"audioPlay":false,"sceneViewState":{"showFog":true,"showMaterialUpdate":false,"showSkybox":false,"showFlares":true,"showImageEffects":true,"showParticleSystems":true},"in2DMode":false,"pivot":{"x":1.2053756713867188,"y":0.64654541015625,"z":0.46585845947265627},"rotation":{"x":-0.16841912269592286,"y":0.6817532181739807,"z":-0.16831707954406739,"w":-0.6923495531082153},"size":1.776369571685791,"orthographic":false}