{"cameraMode":{"drawMode":0,"name":"Shaded","section":"Shading Mode"},"sceneLighting":false,"audioPlay":false,"sceneViewState":{"showFog":true,"showMaterialUpdate":false,"showSkybox":false,"showFlares":true,"showImageEffects":true,"showParticleSystems":true},"in2DMode":false,"pivot":{"x":-0.014607518911361695,"y":0.7167195081710815,"z":-0.043121337890625},"rotation":{"x":0.0061976052820682529,"y":0.9923593997955322,"z":-0.013208414427936077,"w":-0.127268984913826},"size":4.179449558258057,"orthographic":false}