{"cameraMode":{"drawMode":0,"name":"Shaded","section":"Shading Mode"},"sceneLighting":false,"audioPlay":false,"sceneViewState":{"showFog":true,"showMaterialUpdate":false,"showSkybox":false,"showFlares":true,"showImageEffects":true,"showParticleSystems":true},"in2DMode":false,"pivot":{"x":-37.12554931640625,"y":0.5802863240242004,"z":35.76978302001953},"rotation":{"x":-0.029910283163189889,"y":0.4233265817165375,"z":-0.02177586778998375,"w":-0.905887246131897},"size":130.3875732421875,"orthographic":false}