{"cameraMode":{"drawMode":0,"name":"Shaded","section":"Shading Mode"},"sceneLighting":true,"audioPlay":false,"sceneViewState":{"showFog":true,"showMaterialUpdate":false,"showSkybox":true,"showFlares":true,"showImageEffects":true,"showParticleSystems":true},"in2DMode":false,"pivot":{"x":-7.110422134399414,"y":-3.1916520595550539,"z":10.115070343017579},"rotation":{"x":-0.008492860943078995,"y":-0.9722740054130554,"z":0.2335689663887024,"w":-0.028453633189201356},"size":15.867280960083008,"orthographic":false}