{"cameraMode":{"drawMode":0,"name":"Shaded","section":"Shading Mode"},"sceneLighting":false,"audioPlay":false,"sceneViewState":{"showFog":true,"showMaterialUpdate":false,"showSkybox":false,"showFlares":true,"showImageEffects":true,"showParticleSystems":true},"in2DMode":false,"pivot":{"x":-0.02283865213394165,"y":0.6677788496017456,"z":-0.02498096227645874},"rotation":{"x":0.0061976052820682529,"y":0.9923593997955322,"z":-0.013208414427936077,"w":-0.127268984913826},"size":3.9645638465881349,"orthographic":false}