{"cameraMode":{"drawMode":0,"name":"Shaded","section":"Shading Mode"},"sceneLighting":true,"audioPlay":false,"sceneViewState":{"showFog":true,"showMaterialUpdate":false,"showSkybox":true,"showFlares":true,"showImageEffects":true,"showParticleSystems":true},"in2DMode":false,"pivot":{"x":-0.000364729727152735,"y":0.5702469944953919,"z":0.0052150520496070389},"rotation":{"x":-0.04527641460299492,"y":0.9546629786491394,"z":-0.20229187607765199,"w":-0.21368058025836945},"size":1.8818941116333008,"orthographic":false}