{"cameraMode":{"drawMode":0,"name":"Shaded","section":"Shading Mode"},"sceneLighting":true,"audioPlay":false,"sceneViewState":{"showFog":true,"showMaterialUpdate":false,"showSkybox":true,"showFlares":true,"showImageEffects":true,"showParticleSystems":true},"in2DMode":false,"pivot":{"x":-9.944769859313965,"y":-3.4632034301757814,"z":-11.524524688720704},"rotation":{"x":0.04919816553592682,"y":-0.9406010508537293,"z":0.15085887908935548,"w":0.30098700523376467},"size":29.938961029052736,"orthographic":false}