{"cameraMode":{"drawMode":0,"name":"Shaded","section":"Shading Mode"},"sceneLighting":false,"audioPlay":false,"sceneViewState":{"showFog":true,"showMaterialUpdate":false,"showSkybox":false,"showFlares":true,"showImageEffects":true,"showParticleSystems":true},"in2DMode":false,"pivot":{"x":-0.7042417526245117,"y":1.116607666015625,"z":0.1351766586303711},"rotation":{"x":-0.010447380132973194,"y":0.8533076047897339,"z":-0.030903523787856103,"w":-0.5215425491333008},"size":37.45744705200195,"orthographic":false}