{"cameraMode":{"drawMode":0,"name":"Shaded","section":"Shading Mode"},"sceneLighting":false,"audioPlay":false,"sceneViewState":{"showFog":true,"showMaterialUpdate":false,"showSkybox":false,"showFlares":true,"showImageEffects":true,"showParticleSystems":true},"in2DMode":false,"pivot":{"x":-7.509119033813477,"y":-16.187755584716798,"z":-8.595259666442871},"rotation":{"x":-0.010523284785449505,"y":0.8995781540870667,"z":-0.028593117371201516,"w":-0.4367060363292694},"size":22.0,"orthographic":false}