{"cameraMode":{"drawMode":0,"name":"Shaded","section":"Shading Mode"},"sceneLighting":false,"audioPlay":false,"sceneViewState":{"showFog":true,"showMaterialUpdate":false,"showSkybox":false,"showFlares":true,"showImageEffects":true,"showParticleSystems":true},"in2DMode":false,"pivot":{"x":-29.898786544799806,"y":3.3767685890197756,"z":14.66071891784668},"rotation":{"x":-0.07062283158302307,"y":0.39169812202453616,"z":-0.03772440925240517,"w":-0.9172609448432922},"size":56.23992156982422,"orthographic":false}