{"cameraMode":{"drawMode":0,"name":"Shaded","section":"Shading Mode"},"sceneLighting":true,"audioPlay":false,"sceneViewState":{"showFog":true,"showMaterialUpdate":false,"showSkybox":true,"showFlares":true,"showImageEffects":true,"showParticleSystems":true},"in2DMode":false,"pivot":{"x":-6.949898719787598,"y":-0.3066774308681488,"z":11.742781639099121},"rotation":{"x":0.026441665366292,"y":0.9737547039985657,"z":-0.21175949275493623,"w":0.08631159365177155},"size":38.395362854003909,"orthographic":false}