{"cameraMode":{"drawMode":0,"name":"Shaded","section":"Shading Mode"},"sceneLighting":false,"audioPlay":false,"sceneViewState":{"showFog":true,"showMaterialUpdate":false,"showSkybox":false,"showFlares":true,"showImageEffects":true,"showParticleSystems":true},"in2DMode":false,"pivot":{"x":-0.3691725730895996,"y":0.18137037754058839,"z":-0.19211769104003907},"rotation":{"x":-0.010447380132973194,"y":0.8533076047897339,"z":-0.030903523787856103,"w":-0.5215425491333008},"size":20.9681396484375,"orthographic":false}