{"cameraMode":{"drawMode":0,"name":"Shaded","section":"Shading Mode"},"sceneLighting":false,"audioPlay":false,"sceneViewState":{"showFog":true,"showMaterialUpdate":false,"showSkybox":false,"showFlares":true,"showImageEffects":true,"showParticleSystems":true},"in2DMode":false,"pivot":{"x":-11.521310806274414,"y":-5.7636847496032719,"z":6.032605171203613},"rotation":{"x":0.00005417127249529585,"y":0.9907942414283752,"z":-0.044205743819475177,"w":-0.13170941174030305},"size":8.676556587219239,"orthographic":false}