{"cameraMode":{"drawMode":0,"name":"Shaded","section":"Shading Mode"},"sceneLighting":false,"audioPlay":false,"sceneViewState":{"showFog":true,"showMaterialUpdate":false,"showSkybox":false,"showFlares":true,"showImageEffects":true,"showParticleSystems":true},"in2DMode":false,"pivot":{"x":-0.05410575866699219,"y":0.3471250534057617,"z":0.13384056091308595},"rotation":{"x":-0.010447380132973194,"y":0.8533076047897339,"z":-0.030903523787856103,"w":-0.5215425491333008},"size":51.15772247314453,"orthographic":false}