{"cameraMode":{"drawMode":0,"name":"Shaded","section":"Shading Mode"},"sceneLighting":true,"audioPlay":false,"sceneViewState":{"showFog":true,"showMaterialUpdate":false,"showSkybox":true,"showFlares":true,"showImageEffects":true,"showParticleSystems":true},"in2DMode":false,"pivot":{"x":-3.326939105987549,"y":-4.2060980796813969,"z":-1.604470133781433},"rotation":{"x":0.05488857626914978,"y":-0.8435999155044556,"z":0.08789259195327759,"w":0.526888906955719},"size":8.777230262756348,"orthographic":false}