{"cameraMode":{"drawMode":0,"name":"Shaded","section":"Shading Mode"},"sceneLighting":true,"audioPlay":false,"sceneViewState":{"showFog":true,"showMaterialUpdate":false,"showSkybox":true,"showFlares":true,"showImageEffects":true,"showParticleSystems":true},"in2DMode":false,"pivot":{"x":-26.932817459106447,"y":-2.1193933486938478,"z":51.75196075439453},"rotation":{"x":-0.040448348969221118,"y":0.13061341643333436,"z":-0.005333143286406994,"w":-0.9905951619148254},"size":54.86500549316406,"orthographic":false}