{"cameraMode":{"drawMode":0,"name":"Shaded","section":"Shading Mode"},"sceneLighting":false,"audioPlay":false,"sceneViewState":{"showFog":true,"showMaterialUpdate":false,"showSkybox":false,"showFlares":true,"showImageEffects":true,"showParticleSystems":true},"in2DMode":false,"pivot":{"x":-0.013197928667068482,"y":-0.5029741525650024,"z":0.42668068408966067},"rotation":{"x":-0.040448348969221118,"y":0.13061341643333436,"z":-0.005333143286406994,"w":-0.9905951619148254},"size":2.0703442096710207,"orthographic":false}