{"cameraMode":{"drawMode":0,"name":"Shaded","section":"Shading Mode"},"sceneLighting":false,"audioPlay":false,"sceneViewState":{"showFog":true,"showMaterialUpdate":false,"showSkybox":false,"showFlares":true,"showImageEffects":true,"showParticleSystems":true},"in2DMode":false,"pivot":{"x":0.0000035241246223449709,"y":-0.505095362663269,"z":0.15990929305553437},"rotation":{"x":-0.040448348969221118,"y":0.13061341643333436,"z":-0.005333143286406994,"w":-0.9905951619148254},"size":2.7490200996398927,"orthographic":false}