{"cameraMode":{"drawMode":0,"name":"Shaded","section":"Shading Mode"},"sceneLighting":false,"audioPlay":false,"sceneViewState":{"showFog":true,"showMaterialUpdate":false,"showSkybox":false,"showFlares":true,"showImageEffects":true,"showParticleSystems":true},"in2DMode":false,"pivot":{"x":-0.023999880999326707,"y":-0.29893824458122256,"z":-0.29700061678886416},"rotation":{"x":-0.040448348969221118,"y":0.13061341643333436,"z":-0.005333143286406994,"w":-0.9905951619148254},"size":1.3956016302108765,"orthographic":false}